City_ID,City,Country,Temperature,Humidity,Cloudiness,Windspeed,Latitude,Longitude,Date
0,bluff,NZ,44.8,55,97,9.57,-46.6,168.3333,1680012627
1,khatanga,RU,-10.44,95,100,12.66,71.9667,102.5,1680012758
2,mogadishu,SO,83.35,72,4,16.87,2.0371,45.3438,1680012759
3,quelimane,MZ,75.56,86,98,11.3,-17.8786,36.8883,1680012663
4,tuktoyaktuk,CA,19.54,87,100,12.33,69.4541,-133.0374,1680012759
5,punta arenas,CL,41.02,75,40,6.91,-53.15,-70.9167,1680012760
6,butaritari,KI,82.08,79,29,15.14,3.0707,172.7902,1680012760
7,quatre cocos,MU,79.09,75,98,5.39,-20.2078,57.7625,1680012760
8,nikolskoye,RU,31.91,99,100,5.95,59.7035,30.7861,1680012760
9,mataura,NZ,44.47,80,49,1.3,-46.1927,168.8643,1680012760
10,busselton,AU,62.87,61,0,13.6,-33.65,115.3333,1680012761
11,chalus,IR,58.46,72,40,9.22,36.655,51.4204,1680012761
12,atuona,PF,80.82,76,98,17.13,-9.8,-139.0333,1680012761
13,harrisonburg,US,52.81,54,0,3.44,38.4496,-78.8689,1680012761
14,geraldton,AU,73.81,53,71,10.36,-28.7667,114.6,1680012762
15,jamestown,US,40.64,93,0,3.44,42.097,-79.2353,1680012664
16,isangel,VU,79.05,83,100,6.13,-19.55,169.2667,1680012762
17,ushuaia,AR,38.82,80,20,11.5,-54.8,-68.3,1680012762
18,puerto ayora,EC,84.16,91,40,3.51,-0.7393,-90.3518,1680012763
19,saint-philippe,RE,80.19,73,94,5.1,-21.3585,55.7679,1680012763
20,saint anthony,US,20.1,61,0,4.61,45.0205,-93.218,1680012763
21,karasjok,NO,19.15,84,6,2.08,69.4719,25.5112,1680012763
22,fortuna,US,45.36,94,100,8.25,40.5982,-124.1573,1680012764
23,yellowknife,CA,-1.44,70,100,8.99,62.456,-114.3525,1680012764
24,kaitangata,NZ,41.18,72,97,3.89,-46.2817,169.8464,1680012764
25,cidreira,BR,74.77,61,1,14.14,-30.1811,-50.2056,1680012765
26,aksha,RU,37.0,75,54,8.03,50.2814,113.2867,1680012765
27,port blair,IN,81.03,66,70,3.24,11.6667,92.75,1680012765
28,port alfred,ZA,75.18,68,100,3.0,-33.5906,26.891,1680012765
29,ribeira grande,PT,61.77,82,75,24.0,38.5167,-28.7,1680012765
30,boralday,KZ,57.06,33,20,4.47,43.3578,76.8594,1680012766
31,mahebourg,MU,79.25,73,100,5.53,-20.4081,57.7,1680012766
32,hobart,AU,58.86,97,100,5.75,-42.8794,147.3294,1680012549
33,rikitea,PF,79.83,75,100,11.16,-23.1203,-134.9692,1680012766
34,vardo,NO,24.78,93,40,19.57,70.3705,31.1107,1680012766
35,bengkulu,ID,78.04,87,100,3.87,-3.8004,102.2655,1680012767
36,katobu,ID,75.15,94,100,1.61,-4.9408,122.5276,1680012767
37,tymovskoye,RU,24.49,87,8,6.35,50.8456,142.655,1680012767
38,castro,BR,71.98,71,43,4.81,-24.7911,-50.0119,1680012767
39,richards bay,ZA,79.29,52,0,15.03,-28.783,32.0377,1680012768
40,cayenne,GF,82.44,69,75,11.5,4.9333,-52.3333,1680012525
41,carinhanha,BR,91.38,34,77,7.2,-14.3047,-43.765,1680012768
42,wasilla,US,30.78,81,100,0.0,61.5814,-149.4394,1680012516
43,haines junction,CA,9.59,91,100,2.37,60.7522,-137.5108,1680012769
44,albany,US,41.45,74,98,4.0,42.6001,-73.9662,1680012769
45,vostok,RU,25.59,82,9,5.66,46.4856,135.8833,1680012769
46,prince rupert,CA,35.49,72,8,4.47,54.3161,-130.3201,1680012769
47,kapaa,US,71.58,88,0,6.91,22.0752,-159.319,1680012769
48,la ronge,CA,-4.54,99,90,3.71,55.1001,-105.2842,1680012770
49,camopi,GF,81.01,78,82,3.76,3.1655,-52.3158,1680012770
50,sao gabriel da cachoeira,BR,76.06,90,100,2.77,-0.1303,-67.0892,1680012770
51,kirkwood,US,43.36,87,100,1.99,38.5834,-90.4068,1680012650
52,hilo,US,71.28,94,75,4.61,19.7297,-155.09,1680012771
53,upernavik,GL,-14.46,87,36,7.23,72.7868,-56.1549,1680012771
54,adrar,MR,95.27,7,63,3.51,20.5022,-10.0711,1680012771
55,rosoman,MK,48.78,30,98,23.04,41.5161,21.9497,1680012771
56,kamaishi,JP,43.03,84,85,2.04,39.2667,141.8833,1680012772
57,provideniya,RU,21.47,96,100,9.13,64.3833,-173.3,1680012772
58,ambilobe,MG,79.43,89,100,3.47,-13.2,49.05,1680012772
59,bemidji,US,7.05,81,100,4.12,47.4736,-94.8803,1680012772
60,saskylakh,RU,-11.63,95,100,10.18,71.9167,114.0833,1680012729
61,kotelnikovo,RU,60.6,48,100,12.35,47.6317,43.1461,1680012773
62,port lincoln,AU,62.69,81,10,14.34,-34.7333,135.8667,1680012773
63,cape town,ZA,73.11,48,2,11.01,-33.9258,18.4232,1680012599
64,lorengau,PG,80.96,78,85,4.61,-2.0226,147.2712,1680012773
65,grand gaube,MU,79.38,78,100,1.01,-20.0064,57.6608,1680012774
66,kotra,IN,86.13,17,0,3.4,25.8167,79.3167,1680012774
67,bredasdorp,ZA,70.3,50,48,16.4,-34.5322,20.0403,1680012774
68,clyde river,CA,-11.88,95,51,4.74,70.4692,-68.5914,1680012774
69,hermanus,ZA,68.81,74,2,9.44,-34.4187,19.2345,1680012774
70,nouadhibou,MR,75.18,60,37,14.97,20.931,-17.0347,1680012775
71,esperance,AU,61.43,71,4,7.78,-33.8667,121.9,1680012775
72,waipawa,NZ,46.17,67,100,15.82,-41.4122,175.5153,1680012776
73,faanui,PF,82.22,72,29,10.92,-16.4833,-151.75,1680012776
74,guerrero negro,MX,57.78,62,4,8.48,27.9769,-114.0611,1680012776
75,abashiri,JP,34.95,77,88,6.93,44.0213,144.2697,1680012776
76,sosenskiy,RU,49.82,65,93,13.65,54.059,35.9623,1680012777
77,lompoc,US,50.77,85,0,5.75,34.6391,-120.4579,1680012634
78,atasu,KZ,38.98,73,0,9.42,48.6814,71.6433,1680012777
79,severo-kurilsk,RU,30.94,90,75,14.85,50.6789,156.125,1680012777
80,pevek,RU,-3.55,77,10,17.47,69.7008,170.3133,1680012731
81,barrow,US,3.22,78,100,21.85,71.2906,-156.7887,1680012778
82,norman wells,CA,31.42,98,100,7.78,65.282,-126.8329,1680012778
83,pangai,TO,81.27,82,100,16.24,-19.8,-174.35,1680012778
84,altay,CN,36.72,73,41,7.11,47.8667,88.1167,1680012778
85,bazarnyye mataki,RU,48.13,63,7,9.13,54.8833,49.9333,1680012778
86,umm lajj,SA,77.05,53,0,15.73,25.0213,37.2685,1680012779
87,roald,NO,40.33,38,0,6.91,62.5833,6.1333,1680012779
88,kannod,IN,87.15,18,2,2.77,22.6667,76.7333,1680012779
89,barranca,PE,77.68,69,55,5.32,-10.75,-77.7667,1680012779
90,dikson,RU,-7.35,96,100,13.18,73.5069,80.5464,1680012780
91,naryan-mar,RU,16.27,86,28,10.47,67.6713,53.087,1680012780
92,goderich,CA,37.9,87,15,9.91,43.7501,-81.7165,1680012780
93,japura,ID,75.72,94,70,1.57,-0.3167,102.35,1680012780
94,tombouctou,ML,100.69,6,40,15.99,20.0,-3.0,1680012780
95,nome,US,8.67,92,100,9.22,64.5011,-165.4064,1680012781
96,rawah,IQ,74.16,30,0,6.64,34.4816,41.9093,1680012781
97,avarua,CK,75.25,94,40,2.3,-21.2078,-159.775,1680012781
98,ilulissat,GL,10.42,67,75,6.91,69.2167,-51.1,1680012781
99,santona,ES,82.71,53,100,6.4,43.4439,-3.4576,1680012782
100,pochutla,MX,76.82,48,2,1.36,15.7432,-96.4661,1680012782
101,olafsvik,IS,31.8,54,100,12.62,64.8945,-23.7142,1680012782
102,yazd,IR,69.91,28,40,9.22,31.8972,54.3675,1680012518
103,luderitz,NA,71.2,66,4,12.53,-26.6481,15.1594,1680012783
104,ponta delgada,PT,63.32,88,40,26.46,37.7333,-25.6667,1680012784
105,bud,US,38.01,87,54,3.36,39.447,-86.1758,1680012784
106,katsuura,JP,54.75,77,81,14.34,35.1333,140.3,1680012554
107,berlevag,NO,30.2,69,75,16.11,70.8578,29.0864,1680012785
108,bereda,ES,72.57,39,100,6.55,43.2686,-7.5406,1680012785
109,boyolangu,ID,77.04,90,100,2.86,-8.1181,111.8935,1680012785
110,ponta do sol,PT,79.12,20,100,4.41,32.6667,-17.1,1680012786
111,lebu,CL,56.35,90,70,7.31,-37.6167,-73.65,1680012501
112,mar del plata,AR,76.95,62,0,20.71,-38.0023,-57.5575,1680012639
113,osa,RU,34.3,85,100,11.65,57.2829,55.4567,1680012787
114,trincomalee,LK,81.82,70,18,11.43,8.5711,81.2335,1680012787
115,camacha,PT,71.02,46,0,4.61,33.0833,-16.3333,1680012787
116,broome,US,40.86,76,75,12.66,42.2506,-75.833,1680012787
117,quesnel,CA,18.9,97,16,1.14,52.9999,-122.5029,1680012788
118,jalu,LY,82.67,16,5,12.73,29.0331,21.5482,1680012788
119,ukiah,US,47.44,94,100,12.66,39.1502,-123.2078,1680012789
120,longyearbyen,SJ,3.04,66,20,8.05,78.2186,15.6401,1680012789
121,te anau,NZ,36.45,87,62,4.09,-45.4167,167.7167,1680012581
122,san jeronimo,PE,52.75,70,100,2.21,-11.9472,-75.2829,1680012790
123,bethel,US,42.19,86,100,8.16,41.3712,-73.414,1680012786
124,huambo,AO,70.99,70,86,3.8,-12.7761,15.7392,1680012790
125,alofi,NU,80.71,76,100,8.34,-19.0595,-169.9187,1680012580
126,homer,US,37.27,87,100,4.61,59.6425,-151.5483,1680012791
127,narsaq,GL,35.82,60,1,8.3,60.9167,-46.05,1680012791
128,carnarvon,AU,76.24,71,93,12.48,-24.8667,113.6333,1680012792
129,uhlove,UA,44.82,77,100,13.91,44.8215,33.6045,1680012792
130,lazaro cardenas,MX,73.67,60,2,3.11,17.9583,-102.2,1680012793
131,san patricio,US,73.26,79,100,21.41,28.017,-97.5169,1680012793
132,ust-kan,RU,34.63,88,6,2.48,50.9276,84.761,1680012794
133,ler,SS,99.64,12,74,6.42,8.3018,30.1418,1680012794
134,klaksvik,FO,40.12,71,100,25.99,62.2266,-6.589,1680012794
135,port elizabeth,ZA,73.85,45,100,14.14,-33.918,25.5701,1680012794
136,sept-iles,CA,37.06,83,100,1.99,50.2001,-66.3821,1680012795
137,new norfolk,AU,58.5,90,100,2.33,-42.7826,147.0587,1680012795
138,sechura,PE,78.42,79,100,5.44,-5.5569,-80.8222,1680012796
139,saint george,US,37.99,44,0,3.44,37.1041,-113.5841,1680012731
140,bhandara,IN,88.48,15,3,2.42,21.1667,79.65,1680012684
141,chokurdakh,RU,15.58,88,100,6.85,70.6333,147.9167,1680012797
142,bang saphan,TH,77.23,82,54,2.66,11.2126,99.5117,1680012797
143,fairbanks,US,26.94,80,100,9.22,64.8378,-147.7164,1680012600
144,nemuro,JP,34.72,86,2,7.99,43.3236,145.575,1680012798
145,belaya gora,RU,4.41,88,67,7.0,68.5333,146.4167,1680012732
146,san cristobal,VE,68.18,65,91,5.03,7.7669,-72.225,1680012799
147,skibbereen,IE,53.11,81,58,15.88,51.55,-9.2667,1680012799
148,sabzevar,IR,60.08,77,40,9.22,36.2126,57.6819,1680012799
149,nanortalik,GL,30.94,60,3,0.96,60.1432,-45.2371,1680012800
150,sorong,ID,78.69,82,100,1.54,-0.8833,131.25,1680012801
151,zhangye,CN,52.3,15,3,3.51,38.9342,100.4517,1680012523
152,iqaluit,CA,13.69,78,100,8.99,63.7506,-68.5145,1680012802
153,acarau,BR,81.34,75,70,3.53,-2.8856,-40.12,1680012802
154,ferrol,ES,73.24,15,100,6.33,43.4832,-8.2369,1680012802
155,airai,TL,59.81,93,100,2.01,-8.9266,125.4092,1680012802
156,caceres,ES,75.04,31,20,2.46,39.522,-6.3748,1680012539
157,coquimbo,CL,62.33,88,100,5.75,-29.9533,-71.3436,1680012803
158,nador,MA,66.45,72,75,9.22,35.174,-2.9287,1680012803
159,frutigen,CH,49.17,60,100,1.83,46.5878,7.6475,1680012804
160,kenai,US,32.09,96,100,6.91,60.5544,-151.2583,1680012804
161,georgetown,MY,84.13,79,20,2.3,5.4112,100.3354,1680012725
162,calabozo,VE,85.84,43,91,10.92,8.9242,-67.4293,1680012804
163,rajapur,IN,84.96,15,0,6.44,25.3833,81.15,1680012805
164,san quintin,MX,54.18,73,4,3.2,30.4833,-115.95,1680012805
165,zaozerne,UA,45.03,70,98,20.62,45.1582,33.2787,1680012732
166,victoria,HK,69.33,85,100,8.01,22.2855,114.1577,1680012727
167,conway,US,54.18,69,0,8.05,35.0887,-92.4421,1680012509
168,novikovo,RU,54.97,54,100,17.16,51.1537,37.8879,1680012806
169,saldanha,ZA,64.71,77,32,19.26,-33.0117,17.9442,1680012807
170,kupang,ID,79.38,100,40,2.3,-10.1667,123.5833,1680012807
171,komsomolskiy,UZ,74.12,21,100,2.3,40.4272,71.7189,1680012560
172,catuday,PH,78.22,81,100,6.29,16.2923,119.8062,1680012807
173,adolfo lopez mateos,MX,43.93,25,96,5.3,28.4667,-107.3,1680012808
174,kodiak,US,26.11,93,0,4.61,57.79,-152.4072,1680012743
175,tasiilaq,GL,12.36,64,27,3.31,65.6145,-37.6368,1680012808
176,thompson,CA,-7.08,96,93,6.87,55.7435,-97.8558,1680012808
177,roebourne,AU,84.92,55,100,1.12,-20.7833,117.1333,1680012809
178,sijunjung,ID,73.44,97,100,1.79,-0.6876,100.9537,1680012809
179,chumikan,RU,36.12,73,100,15.1,54.7183,135.315,1680012809
180,grants pass,US,44.11,95,100,0.0,42.439,-123.3284,1680012810
181,cortez,US,23.7,73,0,0.0,37.3489,-108.5859,1680012810
182,trinidad,BO,81.55,71,35,2.62,-14.8333,-64.9,1680012810
183,broken hill,AU,71.65,52,72,14.52,-31.95,141.4333,1680012810
184,undory,RU,46.53,61,43,7.58,54.6085,48.3928,1680012811
185,vaini,TO,80.08,79,76,4.23,-21.2,-175.2,1680012811
186,narvik,NO,27.81,55,0,3.27,68.4384,17.4272,1680012811
187,arman,RU,0.99,100,100,4.25,59.7,150.1667,1680012811
188,faya,SA,68.52,43,50,8.41,18.3851,42.4509,1680012812
189,kavieng,PG,80.98,77,100,5.14,-2.5744,150.7967,1680012812
190,caravelas,BR,86.27,48,0,8.21,-17.7125,-39.2481,1680012812
191,constitucion,CL,64.8,40,4,2.51,-35.3333,-72.4167,1680012813
192,pangkalanbuun,ID,75.2,87,100,2.15,-2.6833,111.6167,1680012813
193,ust-nera,RU,18.14,95,100,7.52,64.5667,143.2,1680012813
194,iskateley,RU,16.09,86,28,10.4,67.6803,53.1512,1680012814
195,teya,RU,16.83,97,100,2.75,60.3778,92.6267,1680012814
196,parabel,RU,42.44,88,100,14.74,58.6978,81.4825,1680012814
197,madras,IN,85.98,85,40,9.22,13.0878,80.2785,1680012814
198,damietta,EG,71.73,47,0,8.52,31.4165,31.8133,1680012814
199,kasane,BW,76.62,62,100,3.42,-17.8167,25.15,1680012815
200,barbastro,ES,64.94,38,71,4.65,42.0356,0.1269,1680012815
201,murray bridge,AU,61.12,76,1,7.92,-35.1167,139.2667,1680012815
202,grindavik,IS,37.35,48,0,18.41,63.8424,-22.4338,1680012816
203,thinadhoo,MV,83.39,73,100,3.51,0.5333,72.9333,1680012816
204,seymchan,RU,-7.96,96,15,2.93,62.8833,152.4333,1680012816
205,meulaboh,ID,76.82,90,100,4.25,4.1363,96.1285,1680012816
206,bandarbeyla,SO,83.34,71,23,11.27,9.4942,50.8122,1680012816
207,tiznit,MA,89.37,10,1,2.55,29.5833,-9.5,1680012817
208,dali,CN,50.68,81,11,5.19,25.7,100.1833,1680012817
209,gunnedah,AU,67.48,92,100,7.85,-30.9833,150.25,1680012817
210,bulaevo,KZ,39.83,82,51,10.18,54.9056,70.4439,1680012817
211,sitka,US,37.29,70,0,11.5,57.0531,-135.33,1680012817
212,manggar,ID,80.19,82,98,7.36,-2.8833,108.2667,1680012818
213,comodoro rivadavia,AR,57.06,33,20,24.16,-45.8667,-67.5,1680012818
214,saint-augustin,CA,35.71,67,100,9.44,51.226,-58.6502,1680012818
215,sisophon,KH,82.99,59,98,8.37,13.5859,102.9737,1680012819
216,mandalgarh,IN,80.73,18,0,6.96,25.2,75.1,1680012819
217,kruisfontein,ZA,74.82,25,100,16.11,-34.0033,24.7314,1680012819
218,lasa,IT,52.7,45,41,5.75,46.6166,10.7002,1680012819
219,bambous virieux,MU,79.21,74,99,5.37,-20.3428,57.7575,1680012819
220,timiryazevskoye,RU,43.75,82,100,12.3,56.49,84.8769,1680012820
221,naze,JP,62.2,73,46,13.22,28.3667,129.4833,1680012820
222,dukat,RU,-5.87,91,11,6.93,62.55,155.55,1680012820
223,auki,SB,78.12,87,100,3.58,-8.7676,160.7034,1680012821
224,bairiki,KI,82.4,78,20,3.44,1.3292,172.9752,1680012822
225,itarema,BR,80.64,78,89,3.76,-2.9248,-39.9167,1680012643
226,benjamin constant,BR,73.53,94,75,1.14,-4.3831,-70.0311,1680012822
227,panguna,PG,69.1,95,100,1.12,-6.3164,155.4848,1680012822
228,east london,ZA,77.07,62,70,15.88,-33.0153,27.9116,1680012822
229,mayo,US,54.01,65,0,13.8,38.8876,-76.5119,1680012648
230,winnemucca,US,35.65,48,40,11.5,40.973,-117.7357,1680012750
231,korla,CN,59.63,19,4,1.63,41.7597,86.1469,1680012823
232,muros,ES,71.69,39,78,9.26,42.7762,-9.0603,1680012823
233,ust-maya,RU,32.7,97,100,6.4,60.4167,134.5333,1680012824
234,souillac,MU,79.45,73,100,5.95,-20.5167,57.5167,1680012824
235,salalah,OM,84.29,74,40,12.66,17.0151,54.0924,1680012824
236,colombo,LK,81.41,79,67,6.2,6.9319,79.8478,1680012824
237,yumen,CN,52.03,11,14,9.57,40.2833,97.2,1680012824
238,nivala,FI,24.69,94,100,10.54,63.9167,24.9667,1680012825
239,katangli,RU,18.86,93,73,6.02,51.7102,143.2326,1680012825
240,nabire,ID,75.96,91,100,4.16,-3.3667,135.4833,1680012825
241,bosaso,SO,85.73,64,88,3.89,11.2842,49.1816,1680012825
242,guane,CU,81.48,64,4,9.01,22.2025,-84.0875,1680012825
243,vila velha,BR,83.95,76,75,3.44,-20.3297,-40.2925,1680012667
244,beloha,MG,72.14,54,11,11.63,-25.1667,45.05,1680012826
245,kieta,PG,80.02,81,100,2.21,-6.2167,155.6333,1680012826
246,gallup,US,22.84,58,0,0.0,35.5281,-108.7426,1680012826
247,buraydah,SA,78.58,17,0,9.04,26.326,43.975,1680012820
248,skjervoy,NO,26.6,50,3,1.59,70.0311,20.9714,1680012827
249,vanavara,RU,12.99,89,68,7.54,60.34,102.2797,1680012827
250,islamnagar,IN,78.22,26,0,7.02,28.3333,78.7167,1680012827
251,qaanaaq,GL,-9.31,68,84,5.44,77.484,-69.3632,1680012827
252,balkhash,KZ,43.03,62,0,8.1,46.844,74.9804,1680012828
253,misratah,LY,63.82,60,0,18.01,32.3754,15.0925,1680012828
254,phulabani,IN,83.37,44,51,5.23,20.4667,84.2333,1680012828
255,tessalit,ML,96.73,6,1,13.58,20.1986,1.0114,1680012828
256,pangnirtung,CA,9.77,89,98,1.21,66.1451,-65.7125,1680012828
257,the pas,CA,1.72,95,99,5.95,53.8251,-101.2541,1680012829
258,ylivieska,FI,24.89,89,100,11.27,64.0833,24.55,1680012829
259,hasaki,JP,50.4,70,86,14.74,35.7333,140.8333,1680012829
260,registro,BR,78.51,71,91,1.9,-24.4875,-47.8436,1680012829
261,henties bay,NA,67.32,79,25,10.92,-22.116,14.2845,1680012830
262,magnitogorsk,RU,45.43,70,20,8.95,53.4186,59.0472,1680012830
263,springbok,ZA,77.43,21,0,19.42,-29.6643,17.8865,1680012830
264,aklavik,CA,24.8,93,100,6.91,68.2191,-135.0107,1680012830
265,poum,NC,79.56,79,10,18.9,-20.2333,164.0167,1680012831
266,sao filipe,CV,76.46,66,0,8.23,14.8961,-24.4956,1680012831
267,victor harbor,AU,59.68,81,6,6.22,-35.5667,138.6167,1680012831
268,rio gallegos,AR,39.25,65,0,10.36,-51.6226,-69.2181,1680012692
269,tommot,RU,28.17,93,100,3.58,58.9564,126.2925,1680012832
270,belmonte,BR,83.97,58,6,6.73,-15.8631,-38.8828,1680012832
271,nevelsk,RU,35.19,83,76,10.25,46.6733,141.8633,1680012832
272,bathsheba,BB,83.01,65,20,25.32,13.2167,-59.5167,1680012832
273,torbay,CA,35.58,88,99,5.99,47.6666,-52.7314,1680012833
274,tiksi,RU,-2.18,92,100,15.7,71.6872,128.8694,1680012833
275,albanel,CA,23.58,75,27,8.03,48.8832,-72.4487,1680012833
276,vicksburg,US,56.93,82,75,14.97,32.3526,-90.8779,1680012833
277,aykhal,RU,-16.56,100,91,5.55,66.0,111.5,1680012833
278,mount isa,AU,74.97,64,0,0.0,-20.7333,139.5,1680012834
279,hrubieszow,PL,38.71,58,100,16.28,50.805,23.8925,1680012834
280,daugavpils,LV,35.46,47,100,9.17,55.8833,26.5333,1680012834
281,dunedin,NZ,44.8,88,96,8.01,-45.8742,170.5036,1680012698
282,grafenau,DE,42.17,69,100,1.99,48.8577,13.3974,1680012721
283,tahta,EG,86.47,10,0,11.68,26.7693,31.5021,1680012835
284,praia da vitoria,PT,59.76,93,100,27.78,38.7333,-27.0667,1680012835
285,lagoa,PT,60.04,80,94,32.84,39.05,-27.9833,1680012835
286,husavik,IS,25.79,76,100,10.8,66.0449,-17.3389,1680012836
287,anadyr,RU,23.5,86,100,15.66,64.75,177.4833,1680012836
288,chapais,CA,14.45,82,38,5.19,49.7834,-74.8492,1680012836
289,taraz,KZ,59.41,58,0,6.71,42.9,71.3667,1680012655
290,chuy,UY,74.48,49,100,10.63,-33.6971,-53.4616,1680012836
291,hofn,IS,30.22,74,75,28.77,64.2539,-15.2082,1680012837
292,lavrentiya,RU,11.43,98,100,4.72,65.5833,-171.0,1680012837
293,namibe,AO,78.84,79,100,5.35,-15.1961,12.1522,1680012837
294,fereydun kenar,IR,56.28,84,11,2.73,36.6864,52.5225,1680012837
295,ndjole,GA,82.87,83,89,3.98,-0.1783,10.7649,1680012837
296,ostrovnoy,RU,19.96,89,27,11.61,68.0531,39.5131,1680012838
297,ancud,CL,53.01,76,100,16.78,-41.8697,-73.8203,1680012838
298,xiuyan,CN,41.02,81,0,4.21,40.2928,123.2744,1680012838
299,hamilton,US,46.81,77,0,9.22,39.1834,-84.5333,1680012838
300,mitsamiouli,KM,82.02,73,100,2.59,-11.3847,43.2844,1680012839
301,kutum,SD,87.19,13,33,8.79,14.2,24.6667,1680012839
302,vinstra,NO,28.4,63,92,5.01,61.5952,9.7523,1680012839
303,khash,IR,57.83,59,100,8.14,28.2211,61.2158,1680012839
304,jumla,NP,45.68,81,99,4.03,29.2747,82.1838,1680012840
305,tecoanapa,MX,78.37,58,1,3.36,16.5167,-98.75,1680012840
306,maniitsoq,GL,16.02,53,0,2.44,65.4167,-52.9,1680012840
307,tual,ID,80.29,84,100,21.65,-5.6667,132.75,1680012840
308,vila franca do campo,PT,63.01,86,98,25.88,37.7167,-25.4333,1680012840
309,aligudarz,IR,52.57,47,86,10.69,33.4006,49.6949,1680012841
310,panama city,PA,83.14,63,7,3.0,8.9936,-79.5197,1680012715
311,hithadhoo,MV,83.32,75,100,6.51,-0.6,73.0833,1680012841
312,sakakah,SA,75.79,16,0,10.02,29.9697,40.2064,1680012841
313,kalangala,UG,72.75,78,100,13.91,-0.3089,32.225,1680012841
314,preston,GB,48.81,90,75,12.66,53.7667,-2.7167,1680012842
315,namatanai,PG,78.82,83,86,4.99,-3.6667,152.4333,1680012842
316,kalawit,PH,79.65,81,100,6.31,8.0667,122.5167,1680012842
317,fatsa,TR,51.6,96,100,1.41,41.0278,37.5014,1680012842
318,shihezi,CN,53.28,48,13,6.4,44.3,86.0333,1680012844
319,manta,EC,82.18,78,0,2.3,-0.95,-80.7333,1680012549
320,phan thiet,VN,78.75,85,77,13.87,10.9333,108.1,1680012663
321,mathathane,BW,78.46,41,33,11.68,-22.2687,28.7495,1680012845
322,port-gentil,GA,82.36,83,40,6.91,-0.7193,8.7815,1680012845
323,college,US,26.92,80,75,9.22,64.8569,-147.8028,1680012845
324,ankara,TR,45.52,87,75,5.75,39.9199,32.8543,1680012620
325,chernyshevskiy,RU,7.05,93,100,11.72,63.0128,112.4714,1680012614
326,mantua,IT,62.35,27,12,4.0,45.1667,10.7833,1680012846
327,pitimbu,BR,88.39,64,10,9.75,-7.4706,-34.8086,1680012847
328,liverpool,GB,50.52,88,75,12.66,53.4106,-2.9779,1680012847
329,taltal,CL,70.84,71,2,5.46,-25.4,-70.4833,1680012847
330,sola,VU,82.22,74,100,7.94,-13.8833,167.55,1680012848
331,yining,CN,54.93,87,100,0.74,29.0361,114.5636,1680012849
332,makakilo city,US,70.45,87,0,4.61,21.3469,-158.0858,1680012849
333,santa lucia,ES,70.77,57,0,25.32,27.9117,-15.5407,1680012849
334,matagami,CA,14.38,79,94,2.8,49.7502,-77.6328,1680012849
335,natchez,US,62.26,77,100,9.22,31.5604,-91.4032,1680012850
336,hovd,MN,39.67,29,20,1.83,48.0056,91.6419,1680012850
337,merritt,CA,22.32,94,100,1.99,50.1123,-120.7942,1680012850
338,kismayo,SO,84.07,65,8,14.47,-0.3582,42.5454,1680012850
339,yinchuan,CN,57.69,10,0,7.4,38.4681,106.2731,1680012851
340,uirauna,BR,82.65,65,39,4.9,-6.5183,-38.4122,1680012645
341,xichang,CN,51.03,85,86,4.74,27.8964,102.2634,1680012852
342,talnakh,RU,-11.79,99,95,5.55,69.4865,88.3972,1680012852
343,kisangani,CD,86.49,49,84,4.34,0.5167,25.2,1680012852
344,jacareacanga,BR,84.87,64,100,1.63,-6.2222,-57.7528,1680012852
345,kensington,AU,68.76,89,100,1.99,-33.9167,151.2167,1680012853
346,beira,MZ,77.36,69,85,13.47,-19.8436,34.8389,1680012853
347,yermakovskoye,RU,36.79,91,100,1.43,53.2831,92.4003,1680012854
348,puerto escondido,MX,77.83,65,0,9.22,15.85,-97.0667,1680012854
349,kerouane,GN,93.22,32,100,2.73,9.2667,-9.0167,1680012854
350,north myrtle beach,US,71.13,70,0,9.22,33.816,-78.68,1680012854
351,kirakira,SB,79.56,85,100,3.22,-10.4544,161.9205,1680012855
352,mananara,MG,81.63,78,75,5.86,-16.1667,49.7667,1680012855
353,mehamn,NO,30.15,69,40,9.22,71.0357,27.8492,1680012855
354,avera,US,64.45,74,91,4.85,33.194,-82.5271,1680012856
355,peniche,PT,81.09,40,100,5.73,39.3558,-9.3811,1680012587
356,leshukonskoye,RU,24.33,89,11,2.93,64.8989,45.7622,1680012856
357,roma,US,39.09,91,75,3.44,43.2128,-75.4557,1680012836
358,los llanos de aridane,ES,74.95,31,0,10.36,28.6585,-17.9182,1680012857
359,tateyama,JP,53.65,78,29,12.97,34.9833,139.8667,1680012858
360,sioux lookout,CA,8.67,88,93,2.95,50.1001,-91.917,1680012858
361,havoysund,NO,32.23,90,100,8.93,70.9963,24.6622,1680012858
362,makubetsu,JP,37.47,86,1,12.37,45.3714,141.8211,1680012859
363,marabba,SD,97.45,8,96,12.84,12.35,32.1833,1680012859
364,eydhafushi,MV,82.65,74,24,9.33,5.1033,73.0708,1680012859
365,barkot,IN,57.83,67,83,0.83,30.8167,78.2,1680012859
366,kendari,ID,76.14,93,100,2.71,-3.945,122.4989,1680012860
367,padre bernardo,BR,82.9,56,99,2.53,-15.35,-48.5,1680012860
368,asau,RO,42.28,36,88,13.09,46.4333,26.4,1680012860
369,tucumcari,US,26.44,46,0,3.44,35.1717,-103.725,1680012861
370,mahanoro,MG,77.29,89,100,12.06,-19.9,48.8,1680012861
371,bitung,ID,79.65,81,88,4.41,1.4451,125.1824,1680012861
372,camana,PE,76.08,74,95,4.56,-16.6228,-72.7111,1680012861
373,ustynivka,UA,44.11,87,100,20.02,47.9551,32.5367,1680012862
374,sunbury,AU,61.83,89,100,10.36,-37.5833,144.7333,1680012862
375,sur,OM,78.08,69,32,6.8,22.5667,59.5289,1680012863
376,caramay,PH,78.03,82,79,5.12,10.1815,119.236,1680012863
377,kudahuvadhoo,MV,83.05,72,40,5.55,2.6708,72.8944,1680012863
378,kot khai,IN,51.66,77,25,2.01,31.1167,77.5333,1680012864
379,santa maria da boa vista,BR,85.62,41,9,8.34,-8.8078,-39.8256,1680012865
380,cabedelo,BR,88.47,66,17,11.32,-6.9811,-34.8339,1680012840
381,solhan,TR,51.57,68,82,9.86,38.9634,41.0293,1680012625
382,belton,US,36.36,88,100,11.5,38.812,-94.5319,1680012865
383,pisco,PE,73.02,87,100,6.33,-13.7,-76.2167,1680012866
384,harper,LR,83.57,72,45,8.97,4.375,-7.7169,1680012866
385,mamallapuram,IN,86.05,76,92,14.58,12.6264,80.1722,1680012866
386,vao,NC,76.78,79,40,15.17,-22.6667,167.4833,1680012867
387,hobyo,SO,85.17,68,62,12.48,5.3505,48.5268,1680012867
388,kohlu,PK,71.49,29,97,12.66,29.8962,69.252,1680012869
389,windsor,CA,42.08,71,13,3.0,42.3001,-83.0165,1680012586
390,obihiro,JP,33.13,78,3,2.13,42.9172,143.2044,1680012869
391,moranbah,AU,73.33,70,65,8.19,-22.0016,148.0466,1680012759
392,tonj,SS,100.69,14,30,6.71,7.2737,28.6822,1680012870
393,taoudenni,ML,101.41,6,100,10.85,22.6783,-3.9836,1680012870
394,corinth,GR,61.9,35,7,22.3,37.9407,22.9573,1680012871
395,dabhol,IN,76.42,68,51,9.37,17.6,73.1667,1680012871
396,krasnoselkup,RU,5.79,91,100,8.19,65.7,82.4667,1680012871
397,rundu,NA,70.38,76,100,7.09,-17.9333,19.7667,1680012871
398,torquay,GB,50.94,97,100,5.99,50.4638,-3.5143,1680012758
399,bani walid,LY,75.31,24,0,12.8,31.7566,13.9942,1680012872
400,arti,RU,39.02,89,100,9.91,56.4234,58.5328,1680012872
401,kloulklubed,PW,75.7,70,69,6.6,7.0419,134.2556,1680012872
402,taseyevo,RU,34.05,99,100,5.12,57.2169,94.8978,1680012873
403,oyama,JP,55.58,72,54,6.08,36.3,139.8,1680012873
404,bulgan,MN,40.23,37,81,4.85,48.8125,103.5347,1680012873
405,mackay,AU,71.69,77,8,3.56,-21.15,149.2,1680012873
406,ondjiva,AO,79.68,53,100,4.21,-17.0667,15.7333,1680012874
407,orchard homes,US,29.28,78,100,11.5,46.8633,-114.0484,1680012874
408,petropavlovsk-kamchatskiy,RU,28.99,64,0,11.18,53.0452,158.6483,1680012874
409,cabatuan,PH,77.88,76,94,8.37,10.8794,122.486,1680012874
410,atar,MR,97.56,6,71,10.02,20.5169,-13.0499,1680012875
411,humaita,BR,78.33,84,100,1.7,-7.5061,-63.0208,1680012875
412,virginia beach,US,56.03,82,75,3.44,36.8529,-75.978,1680012603
413,margate,GB,45.3,84,100,7.0,51.3813,1.3862,1680012875
414,neuquen,AR,71.49,43,0,0.0,-38.9516,-68.0591,1680012875
415,strezhevoy,RU,37.89,100,100,10.74,60.7333,77.5889,1680012876
416,kavaratti,IN,81.43,73,5,13.8,10.5669,72.642,1680012876
417,aguilas,ES,65.59,53,40,9.53,37.4063,-1.5829,1680012876
418,sao felix do xingu,BR,80.06,85,100,1.52,-6.6447,-51.995,1680012876
419,gilching,DE,46.18,44,20,12.66,48.1021,11.2977,1680012876
420,padang,ID,75.25,87,100,1.52,-0.9492,100.3543,1680012877
421,itupiranga,BR,80.92,97,99,4.07,-5.1347,-49.3267,1680012877
422,tezu,IN,66.43,57,50,4.68,27.9167,96.1667,1680012878
423,mporokoso,ZM,69.39,84,98,2.28,-9.3727,30.125,1680012878
424,kahului,US,71.83,88,75,6.91,20.8947,-156.47,1680012784
425,zheleznodorozhnyy,RU,50.22,66,98,9.01,55.7503,38.0042,1680012878
426,kiunga,PG,73.92,99,100,1.21,-6.1219,141.2906,1680012878
427,valparaiso,CL,66.0,85,75,4.61,-33.0393,-71.6273,1680012879
428,san lorenzo,PY,85.14,39,0,5.75,-25.3333,-57.5333,1680012879
429,omboue,GA,80.87,78,99,8.59,-1.5746,9.2618,1680012879
430,pemangkat,ID,79.75,85,60,8.66,1.1667,108.9667,1680012879
431,lardos,GR,64.22,62,0,23.15,36.0942,28.0157,1680012879
432,palora,EC,68.11,80,99,0.87,-1.7,-77.9333,1680012880
433,moussoro,TD,99.32,10,50,10.56,13.6408,16.4901,1680012880
434,tabuk,PH,73.54,90,28,4.21,17.4189,121.4443,1680012785
435,kuching,MY,84.02,73,40,2.3,1.55,110.3333,1680012881
436,fort nelson,CA,24.39,63,75,6.91,58.8053,-122.7002,1680012881
437,nosy varika,MG,77.32,85,100,13.89,-20.5833,48.5333,1680012881
438,bradford,GB,47.82,91,75,11.5,53.7939,-1.7521,1680012718
439,chumphon,TH,71.49,85,6,2.3,10.3333,98.8333,1680012883
440,goundam,ML,103.42,14,49,14.76,16.4145,-3.6708,1680012883
441,praia,CV,86.54,51,0,9.22,14.9215,-23.5087,1680012674
442,ust-omchug,RU,-1.84,98,81,7.81,61.15,149.6333,1680012884
443,kholmogory,RU,26.98,84,20,2.98,64.2229,41.656,1680012884
444,vrangel,RU,36.43,92,0,1.3,42.7297,133.0839,1680012884
445,oistins,BB,82.49,65,20,25.32,13.0667,-59.5333,1680012602
446,touros,BR,78.78,84,100,5.66,-5.1989,-35.4608,1680012588
447,juegang,CN,52.92,64,100,8.61,32.3174,121.1855,1680012885
448,cap malheureux,MU,79.47,78,100,1.01,-19.9842,57.6142,1680012885
449,leh,IN,21.97,61,100,1.9,34.1667,77.5833,1680012885
450,codrington,AU,55.24,85,3,5.26,-38.2667,141.9667,1680012886
451,zhuanghe,CN,41.22,85,0,3.33,39.7008,122.9911,1680012886
452,togur,RU,41.36,89,100,14.9,58.3631,82.8265,1680012886
453,hima,UG,74.19,69,100,2.39,0.2958,30.1804,1680012886
454,cherskiy,RU,1.35,82,21,13.67,68.75,161.3,1680012887
455,sokoto,NG,101.19,7,98,9.42,13.0609,5.239,1680012887
456,hokitika,NZ,43.47,67,0,10.27,-42.7167,170.9667,1680012887
457,alice springs,AU,88.21,40,100,5.75,-23.7,133.8833,1680012887
458,acapulco,MX,76.82,53,0,5.75,16.8634,-99.8901,1680012634
459,tuatapere,NZ,41.43,72,94,2.33,-46.1333,167.6833,1680012623
460,rognan,NO,30.56,66,0,5.61,67.0953,15.3878,1680012888
461,aleksandrov gay,RU,58.24,46,46,13.47,50.147,48.5704,1680012888
462,puntarenas,CR,83.35,59,9,3.8,9.9763,-84.8384,1680012888
463,minot,US,3.42,85,20,17.27,48.2325,-101.2963,1680012889
464,kapit,MY,74.12,96,76,1.03,2.0167,112.9333,1680012889
465,matai,TZ,64.02,94,100,2.17,-8.3,31.5167,1680012889
466,vuktyl,RU,17.04,81,11,9.98,63.8567,57.3094,1680012889
467,hami,CN,62.29,11,0,6.93,42.8,93.45,1680012889
468,kangaatsiaq,GL,-4.92,98,89,4.27,68.3065,-53.4641,1680012890
469,port-cartier,CA,36.75,95,100,1.52,50.0334,-66.8654,1680012890
470,joshimath,IN,51.39,78,99,1.92,30.5667,79.5667,1680012890
471,xacmaz,AZ,56.62,64,0,9.69,41.4635,48.806,1680012890
472,songjianghe,CN,31.69,50,8,5.3,42.1859,127.479,1680012891
473,ventspils,LV,33.73,86,100,19.57,57.3894,21.5606,1680012891
474,cockburn town,TC,76.89,76,4,18.23,21.4612,-71.1419,1680012891
475,sa kaeo,TH,80.85,67,100,7.83,13.75,102.3333,1680012892
476,balkanabat,TM,65.46,43,20,10.56,39.5108,54.3671,1680012892
477,zhigansk,RU,-9.04,99,61,10.29,66.7697,123.3711,1680012892
478,fort-shevchenko,KZ,54.03,64,0,8.14,44.5086,50.263,1680012892
479,begunitsy,RU,30.47,94,100,4.21,59.5855,29.3176,1680012893
480,sorland,NO,31.86,51,0,9.22,67.667,12.6934,1680012893
481,zaysan,KZ,40.12,77,13,0.85,47.4667,84.8667,1680012893
482,arraial do cabo,BR,82.26,65,75,8.05,-22.9661,-42.0278,1680012893
483,tashtyp,RU,36.19,91,77,4.05,52.7939,89.8983,1680012893
484,lewistown,US,44.19,84,100,8.05,40.5992,-77.5714,1680012894
485,kinel-cherkassy,RU,50.38,62,100,8.3,53.4706,51.4743,1680012894
486,santa maria,BR,80.94,38,0,4.5,-29.6842,-53.8069,1680012807
487,mingaora,PK,60.73,59,71,2.06,34.7758,72.3625,1680012895
488,cordoba,AR,84.76,47,20,11.5,-31.4135,-64.1811,1680012895
489,sambava,MG,82.15,76,87,5.14,-14.2667,50.1667,1680012895
490,zorgo,BF,96.01,27,84,4.76,12.2489,-0.6158,1680012895
491,miles city,US,20.37,73,75,6.91,46.4083,-105.8406,1680012896
492,bardiyah,LY,65.88,55,0,20.09,31.7561,25.0865,1680012896
493,shakawe,BW,76.96,58,88,5.88,-18.3667,21.85,1680012896
494,karratha,AU,83.84,57,100,1.74,-20.7377,116.8463,1680012818
495,melfi,IT,50.56,41,4,19.01,40.9965,15.6514,1680012896
496,garmsar,IR,70.09,34,9,11.45,35.2182,52.3409,1680012897
497,tura,IN,72.43,40,7,3.51,25.5198,90.2201,1680012897
498,moba,CN,45.45,72,100,2.57,33.2288,105.0179,1680012897
499,ruteng,ID,62.89,93,99,0.47,-8.6136,120.4721,1680012897
500,bonthe,SL,88.66,58,53,11.79,7.5264,-12.505,1680012897
501,shimoda,JP,50.11,79,20,12.46,34.6667,138.95,1680012898
502,abu samrah,SY,66.11,42,0,20.0,35.3029,37.1841,1680012898
503,markala,ML,101.61,8,4,1.74,13.7021,-6.0659,1680012898
504,tautira,PF,80.33,79,86,7.49,-17.7333,-149.15,1680012898
505,biltine,TD,99.75,12,90,8.75,14.5333,20.9167,1680012899
506,aktau,KZ,59.58,57,1,8.79,43.65,51.2,1680012899
507,lodwar,KE,93.27,33,30,9.95,3.1191,35.5973,1680012899
508,trairi,BR,82.56,75,78,5.28,-3.2778,-39.2689,1680012716
509,ndioum,SN,101.21,5,50,6.29,16.5129,-14.6471,1680012899
510,cabo san lucas,MX,67.51,80,79,0.34,22.8909,-109.9124,1680012618
511,ganderkesee,DE,46.81,59,75,11.5,53.0333,8.5333,1680012900
512,sao jose da coroa grande,BR,83.93,65,48,6.76,-8.8978,-35.1478,1680012900
513,polunochnoye,RU,23.79,89,100,9.98,60.8697,60.4153,1680012900
514,kibala,TD,104.4,11,76,2.91,9.1104,18.3463,1680012901
515,delta del tigre,UY,73.81,64,0,16.11,-34.7633,-56.3853,1680012901
516,lloret de mar,ES,63.91,66,1,14.67,41.6999,2.8457,1680012901
517,szamotuly,PL,43.14,37,100,19.22,52.612,16.5779,1680012901
518,arenapolis,BR,84.22,66,88,4.29,-14.4503,-56.8461,1680012827
519,malanje,AO,77.56,64,92,4.81,-9.5402,16.341,1680012902
520,flin flon,CA,-13.16,70,0,2.3,54.7682,-101.865,1680012903
521,desna,UA,44.92,89,100,6.46,50.9273,30.7605,1680012903
522,kununurra,AU,76.98,83,100,3.44,-15.7667,128.7333,1680012904
523,sainte-maxime,FR,67.75,40,4,11.21,43.3,6.6333,1680012904
524,bubaque,GW,78.35,66,6,8.03,11.2833,-15.8333,1680012904
525,nerang,AU,76.77,91,98,2.51,-27.9833,153.3333,1680012725
526,sinnamary,GF,78.49,84,100,9.17,5.3833,-52.95,1680012904
527,labuan,MY,81.43,77,100,9.06,5.2767,115.2417,1680012905
528,damaturu,NG,98.24,7,18,11.32,11.747,11.9608,1680012905
529,ust-tsilma,RU,22.53,83,78,8.25,65.441,52.1498,1680012905
530,half moon bay,US,53.38,66,100,25.32,37.4636,-122.4286,1680012827
531,san pedro,PH,83.35,71,20,9.22,14.35,121.0167,1680012906
532,alhadas,PT,80.42,42,100,7.09,40.1861,-8.7906,1680012906
533,west wendover,US,27.61,74,0,6.91,40.7391,-114.0733,1680012906
534,port hardy,CA,41.0,100,20,2.3,50.6996,-127.4199,1680012906
535,mineral wells,US,48.76,61,0,19.57,32.8085,-98.1128,1680012882
536,at-bashi,KG,29.55,70,2,4.34,41.1702,75.8106,1680012907
537,kichmengskiy gorodok,RU,31.71,82,100,5.59,59.9816,45.7854,1680012907
538,ixtapa,MX,65.23,72,0,4.61,20.7,-105.2,1680012908
539,nara,JP,50.5,28,0,2.15,34.6851,135.8049,1680012825
540,ipixuna,BR,81.09,85,100,2.33,-1.7625,-48.8043,1680012908
541,deputatskiy,RU,5.05,94,100,7.61,69.3,139.9,1680012908
542,rio brilhante,BR,82.42,71,15,5.73,-21.8019,-54.5464,1680012909
543,tanout,NE,94.46,8,10,9.17,14.9709,8.8879,1680012909
544,ballina,AU,70.79,81,100,0.49,-28.8667,153.5667,1680012909
545,ongandjera,NA,76.19,58,94,3.24,-17.8833,15.0667,1680012909
546,shu,KZ,57.04,41,0,8.61,43.5983,73.7614,1680012909
547,tuy hoa,VN,76.06,89,46,3.78,13.0833,109.3,1680012910
548,fort dodge,US,23.02,63,0,4.61,42.4975,-94.168,1680012910
549,shelburne,CA,34.59,88,100,2.53,44.0787,-80.2041,1680012663
550,sabang,ID,83.1,73,100,4.94,5.8933,95.3214,1680012910
551,sao miguel do araguaia,BR,82.44,70,100,3.65,-13.275,-50.1628,1680012911
552,dakar,SN,101.28,57,0,13.8,14.6937,-17.4441,1680012878
553,les cayes,HT,81.01,62,52,10.56,18.2,-73.75,1680012911
554,muzhi,RU,6.15,96,68,6.17,65.3667,64.6667,1680012911
555,ucluelet,CA,50.31,66,100,13.13,48.9329,-125.5528,1680012912
556,saint-joseph,RE,79.18,70,93,3.96,-21.3667,55.6167,1680012912
557,teresopolis,BR,74.05,80,95,2.1,-22.4122,-42.9656,1680012912
558,ostersund,SE,24.62,53,0,21.99,63.1792,14.6357,1680012913
559,margherita,IN,68.0,75,37,3.4,27.2833,95.6833,1680012913
560,tucuma,BR,78.75,88,100,4.81,-0.1833,-50.05,1680012913
561,preobrazheniye,RU,35.49,87,3,6.06,42.9019,133.9064,1680012914
